Station_ID,lon,lat,circular_stats_theta_rad,circular_stats_regularity,mean_peak_doy
V1,2511065.49903,1151360.79623,0.283668,0.676409,16.629535
V2,2803190.22655,1181862.43547,2.887722,0.431006,167.94023
V3,2632282.94778,1170900.98660,1.03975,0.27994,60.517803
V4,2576863.10885,1216274.31208,0.40053,0.622276,23.381077
V5,2747332.18295,1165284.13366,3.47516,0.542523,202.042321
V6,2623779.38374,1134862.20068,2.711696,0.61845,157.63734
V7,2645300.72928,1215402.98839,0.263313,0.255855,15.619781
V8,2800869.01981,1171839.44509,3.170056,0.660802,184.304202
V9,2639787.20387,1214392.32849,0.035294,0.115117,2.805357
V10,2604195.22423,1155761.47280,2.616669,0.573651,152.103061
V11,2753849.34259,1222077.70469,5.131426,0.131604,298.208014
V12,2604692.60521,1139779.30446,3.140924,0.806442,182.595454
V13,2627701.82757,1105906.99033,3.825282,0.777222,222.369626
V14,2616346.14908,1094558.02043,3.840651,0.83346,223.261464
V15,2604650.89086,1252477.46509,0.591651,0.350351,34.49873
V16,2604785.96268,1176239.93859,1.968768,0.1483,114.20838
V17,2818574.08147,1180021.47113,3.027386,0.655726,176.009722
V18,2556422.04239,1113804.36563,2.792379,0.182001,162.058765
V19,2712912.84030,1262278.17746,0.648281,0.23688,37.778526
V20,2752916.45226,1254726.87143,3.28367,0.260737,190.837917
V21,2669949.77521,1146939.95084,3.493205,0.561928,203.045802
V22,2591311.77124,1152778.45581,1.53778,0.425079,89.390292
V23,2658022.73284,1140358.69124,2.603,0.363256,151.338447
V24,2677823.54470,1249384.84581,2.049595,0.090391,118.848682
V25,2700107.63331,1125024.31863,4.496576,0.491904,261.46052
V26,2577010.25950,1205263.63900,0.293148,0.471526,17.206682
V27,2622688.21534,1178415.31910,1.68508,0.366376,97.908629
V28,2710428.17037,1223794.65858,3.897547,0.352545,226.501173
V29,2688079.34469,1257291.41730,0.569749,0.305888,33.305744
V30,2627932.70125,1166955.91291,1.157384,0.347561,67.323331
V31,2676473.96902,1186511.73364,3.117815,0.670963,181.262827
V32,2722669.53593,1251687.37744,3.592588,0.074243,208.806746
V33,2773100.04603,1184540.20992,2.954176,0.630008,171.742536
V34,2777577.68434,1149887.54523,3.203935,0.723297,186.249225
V35,2591293.04588,1185693.04531,0.290854,0.359934,17.042335
V36,2800088.00545,1162870.70037,3.124552,0.800996,181.646388
V37,2544248.44957,1178469.33112,0.383171,0.606947,22.376483
V38,2584450.94940,1209989.98315,0.303582,0.536575,17.789929
V39,2689827.92090,1240739.57751,2.913157,0.053184,168.959162
V40,2647437.65550,1179854.18744,6.272243,0.009301,365.07665
V41,2639726.59615,1110301.39207,3.581866,0.538091,208.227428
V42,2699480.79666,1181694.88342,3.640782,0.481331,211.680916
V43,2671123.21339,1212925.56281,3.310554,0.220513,192.252476
V44,2717577.05625,1193676.40768,3.782029,0.467748,219.891477
V45,2716440.63138,1171195.72192,3.54296,0.434521,206.002434
V46,2671352.26514,1204326.25797,3.070329,0.189868,178.274074
V47,2586208.33083,1218872.07224,0.273032,0.469033,16.079123
V48,2586025.61896,1222445.03654,0.190563,0.543373,11.298155
V49,2721320.42356,1090561.21621,4.335931,0.163828,252.153945
V50,2578147.16139,1250789.23465,0.583358,0.471896,34.054741
V51,2769810.73227,1189485.67086,2.821732,0.622585,164.037914
V52,2615280.57273,1146335.57065,2.769231,0.657233,161.000421
V53,2513537.35769,1145596.39292,0.185661,0.712386,10.915718
V54,2597644.46947,1209791.18081,0.307074,0.500233,18.040263
V55,2568867.81257,1102651.52718,1.569275,0.390918,91.2506
V56,2566985.86651,1145396.63255,2.504444,0.333468,145.536432
V57,2606395.17485,1146871.61799,2.375437,0.408545,138.106698
V58,2576159.30989,1257619.32664,0.968517,0.490481,56.361234
V59,2674628.74792,1152682.27702,3.65264,0.535462,212.314996
V60,2744993.72185,1178997.77181,3.336631,0.340733,194.014688
V61,2597090.44884,1098408.52311,3.525738,0.879289,204.94916
V62,2705310.81268,1125035.61123,4.3659,0.516995,253.833622
V63,2759145.50855,1224601.02484,4.060422,0.314745,235.956798
V64,2605509.95760,1229309.05579,0.194565,0.539755,11.512873
V65,2770360.15934,1179533.89478,3.109093,0.732882,180.721126
V66,2701677.21626,1224489.17243,3.090397,0.233371,179.684177
V67,2676165.51529,1212626.17775,3.274141,0.273877,190.233786
V68,2696891.89623,1128201.20624,4.549623,0.509646,264.531825
V69,2756993.67403,1172759.51207,4.151391,0.374688,241.40453
V70,2672610.77093,1160297.97524,3.565107,0.766327,207.224922
V71,2734248.67634,1275380.21364,0.909466,0.275286,53.031749
V72,2735506.99726,1134326.16371,3.907016,0.38776,227.214379
V73,2707641.63643,1175028.72588,3.724399,0.393267,216.587697
V74,2700404.04572,1278118.36794,0.801596,0.469387,46.668324
V75,2760205.24229,1162958.58934,3.354604,0.629355,195.009842
V76,2709683.80448,1220298.24490,3.523176,0.373298,204.859866
V77,2706193.12894,1204915.13726,3.44062,0.536984,200.020978
V78,2573309.35009,1088962.84774,3.311906,0.567053,192.541828
V79,2690394.64517,1263258.31528,0.498919,0.418926,29.144031
V80,2658472.49510,1162622.86507,3.544354,0.92233,206.027941
V81,2765272.16810,1135549.85039,4.407361,0.411536,256.257361
V82,2638843.82087,1176587.05510,1.084231,0.214181,63.088136
V83,2594170.19185,1196503.47785,0.285766,0.341858,16.786107
V84,2701795.44033,1112355.35418,4.708394,0.427897,273.713623
V85,2784426.55416,1177482.15575,2.934722,0.792868,170.593025
V86,2727568.01129,1117512.44864,3.631554,0.274929,211.124796
V87,2697521.52255,1216353.43904,3.093877,0.459484,179.893844
V88,2631718.59209,1110589.19595,3.699306,0.817253,215.033999
V89,2559847.89302,1125477.03097,0.062254,0.516061,3.866314
V90,2648024.99517,1134464.17440,2.265782,0.198692,131.784371
V91,2629163.14113,1237328.67958,0.315826,0.578875,18.451442
V92,2658561.07826,1269827.05884,0.437455,0.698572,25.474718
V93,2634686.66464,1253075.59799,0.377457,0.455701,22.020408
V94,2576383.58521,1218228.35171,0.526382,0.642276,30.683645
V95,2623059.11861,1243026.52818,0.547262,0.532611,31.872155
V96,2659765.01811,1182858.30582,2.78035,0.532004,161.634454
V97,2633757.87696,1166204.43248,1.306342,0.434346,75.94909
V98,2618690.43097,1210687.01728,1.143285,0.166096,66.535562
V99,2819816.18162,1188268.69123,3.08047,0.678377,179.081236
V100,2722920.89335,1230841.26716,3.620237,0.318361,210.374855
V101,2718576.53400,1247060.53857,0.869106,0.139872,50.38929
V102,2666424.27517,1248075.48144,0.530682,0.39899,30.975804
V103,2709135.19508,1198698.28534,3.319961,0.691184,192.995857
V104,2564127.92114,1236126.78709,0.524294,0.55418,30.574247
V105,2699956.89142,1130146.79737,4.419416,0.569138,256.947093
V106,2714913.17703,1088942.20663,4.82871,0.201178,280.686597
V107,2719452.20938,1139777.04433,4.79811,0.432085,278.930145
V108,2750551.32017,1249149.61296,3.412803,0.211671,198.415852
V109,2559495.90562,1210484.12541,0.345278,0.606093,20.221608
V110,2596605.50913,1195707.10380,0.472162,0.366259,27.584565
V111,2582268.68915,1235524.42274,0.529075,0.563119,30.842546
V112,2743341.92086,1227352.34528,3.193571,0.412237,185.663387
V113,2672411.83561,1246534.32139,0.779695,0.221463,45.536913
V114,2699615.15961,1287245.47015,0.655722,0.50552,38.214463
V115,2723995.66120,1173836.66481,3.093775,0.56159,179.839674
V116,2734912.96672,1197634.17491,3.509282,0.593116,204.006536
V117,2598297.53667,1122594.62323,0.470025,0.780373,27.4116
V118,2761530.71792,1207952.25582,3.835662,0.01057,227.256119
V119,2586563.00882,1134420.80545,2.626424,0.54054,152.647135
V120,2641384.83822,1257395.36363,0.338175,0.527071,19.724498
V121,2769593.22063,1205059.28296,0.092239,0.008508,364.765087
V122,2761846.66356,1176877.96422,3.201731,0.630189,186.13612
V123,2511438.10589,1155301.99530,0.674429,0.598232,39.251569
V124,2700946.64468,1233775.58894,3.991502,0.125635,231.90259
V125,2586708.76724,1205794.09755,0.321966,0.468847,18.879424
V126,2710984.15602,1231026.62157,4.05883,0.214091,235.815313
V127,2516933.73161,1150087.58567,0.303295,0.645494,17.75823
V128,2640369.28488,1121407.35516,2.702796,0.638593,157.119381
V129,2758395.52467,1211432.89220,4.320217,0.153287,251.196995
V130,2554634.24762,1200329.56733,0.379915,0.600317,22.216583
V131,2607252.67280,1212759.39311,0.468687,0.454869,27.397294
V132,2710716.87816,1266935.11215,0.701046,0.317046,40.923943
V133,2700798.18113,1187530.74317,3.389403,0.613462,197.038406
V134,2585610.88706,1227304.07614,0.500203,0.566709,29.164601
V135,2830513.82095,1166854.69890,3.260002,0.672327,189.53121
V136,2693698.66166,1245001.82192,1.259031,0.121477,73.330222
V137,2715084.44548,1226081.20756,3.770983,0.387939,219.112973
V138,2631505.95553,1251881.06616,0.462984,0.423978,26.99761
V139,2741074.52066,1272219.83283,1.067589,0.133906,61.934697
V140,2686557.18952,1252974.92535,1.664201,0.114571,96.624901
V141,2703080.44519,1251954.54200,0.804093,0.220504,46.83595
V142,2644217.18180,1130427.66772,0.903431,0.360266,52.513769
V143,2593599.37516,1234547.51910,0.59165,0.529507,34.495275
V144,2501722.35998,1144760.71108,0.534863,0.614393,31.216983
V145,2554301.40269,1131813.59552,0.162375,0.105279,9.577245
V146,2656740.95995,1209705.49009,3.269836,0.113451,189.818554
V147,2732843.78089,1118016.59516,3.656907,0.31651,212.577114
V148,2615018.17632,1118319.84887,2.657165,0.803123,154.4717
V149,2588232.59800,1168698.94287,2.082465,0.324555,120.970738
V150,2707367.86076,1093929.90209,4.64739,0.243869,270.158829
V151,2650810.30869,1174666.42582,2.726085,0.40402,158.367073
V152,2663524.97849,1210149.54807,2.9916,0.201099,173.624623
V153,2700927.84669,1134113.01196,4.172,0.529149,242.563134
V154,2562991.50687,1228611.29759,0.751403,0.557859,43.739459
V155,2764140.88291,1152342.42896,3.47731,0.669828,202.149314
V156,2738820.10081,1262550.76078,3.722343,0.074062,215.952347
V157,2823774.88732,1173217.79678,3.033279,0.847987,176.330302
V158,2727163.70292,1249374.51072,4.50446,0.077495,261.989807
V159,2649799.63873,1249766.49284,0.27265,0.54642,15.913754
V160,2789289.25371,1153885.89834,3.144832,0.60508,182.842018
V161,2691377.86733,1248414.44903,1.825244,0.031502,104.93274
V162,2680133.63650,1275154.66914,0.719476,0.57478,41.868864
V163,2688278.95530,1156621.16257,4.007348,0.427404,232.999341
V164,2577575.33389,1239674.96552,0.460218,0.569452,26.880568
V165,2745818.88011,1203037.96532,3.236362,0.653485,188.136249
V166,2569065.53657,1122256.35597,0.349918,0.615478,20.496894
V167,2563328.69941,1219710.39327,0.59522,0.51344,34.691268
V168,2706253.61503,1185484.73267,3.776211,0.837967,219.503721
V169,2675913.64371,1220220.81968,3.088724,0.249353,179.352467
V170,2634749.05355,1184613.33614,2.762501,0.0536,160.592515
V171,2618045.89360,1154602.60957,2.308445,0.338991,134.156173
V172,2578118.02870,1157934.81316,2.353671,0.335819,136.692946
V173,2625899.39824,1249850.67435,0.500633,0.428399,29.183882
V174,2606073.18382,1123438.51404,0.638068,0.741758,37.130097
V175,2555097.34397,1131490.63307,1.120958,0.210443,65.267132
V176,2596912.48371,1152087.62946,1.143483,0.370827,66.51674
V177,2629104.97591,1202257.86325,1.350544,0.131759,78.547466
V178,2547290.68883,1211567.83030,0.671353,0.580427,39.116702
V179,2789250.30441,1159839.12489,3.465769,0.424123,201.562424
V180,2750013.78261,1184134.74571,0.280446,0.196789,16.202641
V181,2541690.59025,1170986.24895,0.308419,0.603162,18.018168
V182,2609551.25794,1199441.34451,0.210224,0.332349,12.442843
V183,2504843.81999,1122094.50352,0.297416,0.533511,17.364289
V184,2665389.88298,1149003.30146,2.703375,0.461554,157.151702
V185,2746328.54189,1263217.86088,3.994846,0.105504,232.066435
V186,2693692.26968,1224731.44119,3.158854,0.307433,183.566539
V187,2661078.03242,1226865.45909,0.765096,0.241564,44.672752
V188,2757151.68683,1248073.82924,3.546924,0.308751,206.095635
V189,2562904.45295,1101012.91245,1.860002,0.369383,108.117482
V190,2727679.88285,1178611.57002,4.710036,0.13439,273.868929
V191,2719263.70907,1165331.79848,3.446367,0.621767,200.343204
V192,2607675.89908,1132837.81929,2.761577,0.674367,160.542459
V193,2597525.21945,1191900.76625,0.209282,0.336311,12.391203
V194,2797326.13164,1149086.22021,3.424155,0.681051,199.070878
V195,2778674.96315,1145189.63614,3.530629,0.45786,205.328627
V196,2655706.96303,1130955.10231,3.393996,0.420741,197.303465
V197,2529632.84232,1179808.23887,0.394833,0.630437,23.098257
V198,2695730.50626,1266281.17858,0.612782,0.345164,35.78356
V199,2763491.29246,1189485.67116,3.404528,0.223087,198.044989
V200,2787855.45630,1163250.76770,2.982519,0.795908,173.371103
V201,2822876.44639,1167295.04021,3.167131,0.651407,184.143829
V202,2757433.24560,1151985.48785,3.539727,0.595831,205.799835
V203,2766094.27112,1162961.19355,4.017002,0.355605,233.549221
V204,2660945.09047,1231377.13131,0.33055,0.285994,19.43942
V205,2714961.97877,1091443.87102,4.810293,0.203684,279.645298
V206,2624962.55443,1162768.34031,2.512687,0.636556,146.070209
V207,2807354.83929,1174356.29467,3.09685,0.613531,180.048312
V208,2625922.66139,1139532.39662,2.917988,0.742821,169.643048
V209,2718982.29286,1232701.04865,3.77119,0.26679,219.072121
V210,2694602.45837,1117472.40621,4.818494,0.476641,280.119762
V211,2725408.22276,1163330.53749,3.667485,0.612868,213.207067
V212,2615024.93118,1188675.94317,1.254345,0.268551,72.929337
V213,2629642.50238,1188786.73736,1.701123,0.135381,98.72888
V214,2613328.71925,1157248.70949,0.941302,0.23663,54.780691
V215,2616102.53646,1162447.68107,2.034821,0.246774,118.25826
V216,2670449.22101,1227830.76161,2.100554,0.06888,121.427653
V217,2680264.72512,1200341.31332,3.200065,0.33366,186.025544
V218,2539097.90443,1174642.36208,0.445544,0.663699,25.987612
V219,2709431.07080,1119959.50238,4.210958,0.494455,244.826594
V220,2733951.02730,1149650.38857,3.888191,0.591304,226.051404
V221,2635499.71209,1104142.90521,3.902545,0.769317,226.84722
V222,2581987.71859,1147772.01286,0.997713,0.228306,58.130714
V223,2778438.32455,1170877.42177,2.964692,0.759884,172.339978
V224,2724750.43005,1185970.28942,3.481036,0.606299,202.353138
V225,2718417.42526,1216141.03784,3.461645,0.539956,201.244931
V226,2584466.57868,1127538.81357,2.809347,0.572758,163.27835
V227,2605297.08056,1117532.02759,2.589874,0.826904,150.560046
V228,2745398.22499,1158153.27185,3.888508,0.494309,226.102814
V229,2649626.91988,1217822.04351,0.233584,0.243647,13.91423
V230,2521723.28353,1152851.97469,0.310137,0.670866,18.150168
V231,2638026.90764,1249294.47931,0.330169,0.551504,19.256457
V232,2623256.58926,1248220.44123,0.554877,0.438787,32.332578
V233,2753788.72632,1199954.74473,3.107349,0.469266,180.670702
V234,2602740.82488,1108589.98928,2.490762,0.730765,144.81231
V235,2768059.29362,1181625.96704,3.042388,0.768525,176.853198
V236,2702242.32142,1220004.17236,3.17782,0.282017,184.838589
V237,2595918.80160,1173469.71448,2.391762,0.283615,139.036425
V238,2721206.89809,1109260.94729,3.862979,0.297814,224.670271
V239,2746987.21704,1245629.15483,3.515803,0.246256,204.351517
V240,2562680.37203,1224892.42195,0.951982,0.586452,55.36717
V241,2587441.67090,1216435.91570,0.305576,0.510603,17.949289
V242,2729683.69912,1171901.43016,3.59579,0.226477,209.18724
V243,2729755.79606,1232752.53709,3.360859,0.215713,195.290729
V244,2722992.24525,1257513.21708,5.67616,0.027851,331.510699
V245,2515451.03977,1172925.81272,0.384683,0.658683,22.491944
V246,2588627.29110,1213349.30996,0.300982,0.513327,17.681749
V247,2692637.17034,1243204.53999,2.254348,0.02063,129.00649
V248,2741792.66373,1183429.13224,5.512178,0.020967,320.152368
V249,2736341.28682,1248708.87048,3.110196,0.149941,180.728459
V250,2592290.27206,1130434.19161,2.66013,0.820517,154.64465
V251,2765283.58420,1206126.25467,1.740967,0.024038,100.715052
V252,2653496.13258,1169600.06737,2.883241,0.631121,167.600965
V253,2788280.10891,1156440.11558,3.305208,0.611237,192.164047
V254,2504754.88482,1159599.57892,0.686375,0.61321,40.001147
V255,2575531.14179,1133716.34825,1.807136,0.402894,105.062678
V256,2708282.12457,1105834.11056,3.869481,0.387233,224.923944
V257,2699596.41988,1150488.95852,4.39274,0.390829,255.416594
V258,2760061.93682,1193685.70413,3.345608,0.143623,194.640725
V259,2733144.93298,1217472.12643,3.729721,0.365817,216.850047
V260,2611333.34882,1238193.91593,0.550548,0.516947,32.078651
V261,2589043.77586,1158048.35401,2.469365,0.430445,143.508076
V262,2654501.36388,1135991.62255,2.171029,0.173372,126.126162
V263,2619861.46921,1258807.87848,0.891485,0.302543,51.932263
V264,2773654.12491,1175425.78702,3.13269,0.619913,182.104135
V265,2751450.05053,1210150.54356,4.246018,0.256784,246.878178
V266,2598339.03373,1188582.20957,0.27478,0.36866,16.108629
V267,2725077.26753,1168075.15626,3.53355,0.503935,205.432956
V268,2571065.38656,1110395.33430,0.797718,0.518868,46.449691
V269,2669937.09722,1261755.08720,0.542642,0.425767,31.624881
V270,2724437.78885,1210146.66134,3.990055,0.390651,231.933637
V271,2572878.16824,1197789.70723,0.550046,0.330766,32.11367
V272,2713366.76747,1097287.51307,4.524248,0.231334,263.025778
V273,2760082.83501,1245326.28223,4.172848,0.262718,242.531684
V274,2696685.59679,1204232.28163,3.474943,0.428736,202.035613
V275,2521162.76140,1179387.26038,0.47845,0.676267,27.92679
V276,2717832.30565,1259693.71715,0.476454,0.069343,27.830529
V277,2680952.16893,1290002.58823,0.624942,0.656164,36.386011
V278,2656401.82382,1242661.79764,0.297818,0.427153,17.435891
V279,2578937.08940,1179385.06590,0.053727,0.399824,3.343791
V280,2593046.51458,1169582.82724,2.068107,0.324451,120.180049
V281,2725190.32644,1216319.78033,3.856876,0.34393,224.210595
V282,2688250.96771,1260890.64703,0.534919,0.427377,31.227888
V283,2620082.30683,1175991.23009,1.128138,0.162351,65.490543
V284,2652800.15017,1150590.94093,3.748219,0.92088,217.882972
V285,2611037.06184,1233928.32356,0.400865,0.596394,23.401227
V286,2574248.14533,1121405.22237,2.838788,0.718819,165.034273
V287,2558904.23322,1145944.82292,0.316182,0.33543,18.646422
V288,2693958.29834,1208832.34852,3.416962,0.384476,198.706023
V289,2662583.89890,1242398.12718,0.379392,0.42139,22.177023
V290,2596061.31210,1184168.05328,6.221916,0.285312,361.612544
V291,2764936.86580,1261229.34593,3.476896,0.27041,201.90771
V292,2662025.71031,1136317.18819,3.478303,0.392133,202.21382
V293,2660668.89231,1151084.70696,3.298647,0.652837,191.757601
V294,2591425.75853,1224547.20189,0.276311,0.568649,16.261563
V295,2694454.62981,1143743.73186,4.212463,0.454684,244.923194
V296,2798034.87076,1193364.34582,3.098599,0.82692,180.118169
V297,2706005.65362,1237424.84548,4.092303,0.164659,237.825077
V298,2569481.19409,1113707.37323,0.978921,0.332524,56.988221
V299,2620218.83783,1251457.24745,0.710219,0.376585,41.378195
V300,2806128.48766,1142310.22891,3.523255,0.522678,204.83727
V301,2723428.84506,1146673.87196,4.053542,0.56771,235.675284
V302,2710792.96143,1138717.77799,4.519707,0.538894,262.757042
V303,2570568.12610,1092105.61283,3.820989,0.903781,222.114493
V304,2497379.03934,1133053.31298,0.463449,0.598753,27.012429
V305,2639841.18020,1157017.60988,3.550834,0.873783,206.409364
V306,2635530.83475,1257138.24884,0.384403,0.445804,22.439611
V307,2633185.06033,1219040.78032,0.39744,0.261142,23.341469
V308,2717462.37673,1132231.60849,4.53351,0.43919,263.596757
V309,2713333.25388,1174844.74692,4.310174,0.157081,250.813241
V310,2720941.33277,1178233.05435,3.55618,0.307964,206.847197
V311,2566002.47610,1116244.65853,0.240577,0.226386,14.291537
V312,2714636.82713,1102634.59427,4.482875,0.315344,260.629501
V313,2805852.39415,1127000.24748,3.260748,0.393118,189.598721
V314,2670557.56775,1233304.62485,1.369956,0.147974,79.694139
V315,2593928.33863,1218011.43077,0.306731,0.539241,18.006245
V316,2778533.41877,1162751.75091,3.106577,0.745937,180.58273
V317,2670451.72180,1170536.80009,3.658812,0.844069,212.684904
V318,2742971.70988,1170154.62113,3.658065,0.502407,212.679359
V319,2678602.32399,1241208.27110,1.822076,0.229477,105.817062
V320,2626554.01799,1111409.89419,3.124354,0.593652,181.634165
V321,2714084.48068,1220695.38645,3.490157,0.416193,202.919139
V322,2704986.15301,1190659.46368,3.577266,0.604611,207.952731
V323,2641815.63955,1199399.22729,1.523671,0.038856,87.868373
V324,2723454.02272,1247049.41664,4.279302,0.105741,248.796285
V325,2554768.94143,1173527.09707,0.148866,0.526913,8.769761
V326,2718945.27756,1081405.69096,5.360004,0.177503,311.417576
V327,2699233.22028,1291839.39391,0.561797,0.650395,32.736325
V328,2594935.22713,1118270.51340,0.615905,0.752614,35.858304
V329,2591719.27653,1141832.04483,1.355646,0.412632,78.824609
V330,2671222.21288,1190568.79271,3.180647,0.298341,184.840962
V331,2617357.01260,1244041.62212,0.719626,0.430978,41.916917
V332,2627609.85030,1124503.01572,2.598882,0.703419,151.075468
V333,2657141.39051,1222453.78884,0.987988,0.124978,57.740216
V334,2637806.92380,1223368.39138,0.284926,0.455211,16.704543
V335,2567470.21195,1163531.16938,0.384055,0.32137,22.502469
V336,2516628.91933,1159381.69273,0.366152,0.613386,21.430598
V337,2753213.79177,1233394.23122,4.356972,0.145082,253.236019
V338,2674179.21292,1178901.28799,3.464305,0.714036,201.38722
V339,2610023.87507,1191529.47295,0.42432,0.281476,24.808767
V340,2801326.32636,1143454.73631,3.654426,0.461127,212.487509
V341,2692294.64243,1230302.94444,3.496219,0.297128,203.099366
V342,2645144.18250,1186055.15499,3.41022,0.321426,198.343031
V343,2565550.17301,1121558.85180,0.200679,0.616898,11.857851
V344,2711660.97975,1084695.34658,5.241237,0.225738,304.604894
V345,2659319.65036,1190923.54183,3.662914,0.117303,212.964693
V346,2692623.40092,1276266.27670,0.60931,0.50305,35.482214
V347,2721378.89643,1077093.95459,5.520562,0.162367,320.734138
V348,2743204.82641,1250664.14514,3.242014,0.216463,188.378014
V349,2523078.51114,1162942.26621,0.228035,0.728947,13.397619
V350,2540982.92990,1160538.61974,0.232943,0.480478,13.620691
V351,2625857.48191,1257746.02088,0.659678,0.347579,38.461032
V352,2649409.72751,1200695.50211,2.76737,0.206139,160.872797
V353,2559174.46755,1103610.22472,3.006445,0.77397,174.780324
V354,2828493.99529,1161829.47114,3.267125,0.847248,189.926105
V355,2580373.84480,1200094.27224,0.373168,0.408219,21.876848
V356,2682354.19015,1211535.96125,3.21339,0.480446,186.7814
V357,2642566.99517,1208819.59591,0.918434,0.151431,53.514367
V358,2498438.80312,1122970.42729,0.287247,0.521128,16.739926
V359,2710782.59726,1208511.98427,3.401836,0.536437,197.770938
V360,2695399.88649,1260089.10977,0.81455,0.385243,47.47944
V361,2721177.45864,1221959.54287,4.399558,0.285084,255.727098
V362,2583099.97002,1238309.66329,0.338974,0.547932,19.870342
V363,2749744.28456,1156921.67212,3.9518,0.54605,229.78118
V364,2767325.90167,1157555.14196,3.623475,0.511668,210.706185
V365,2632565.67459,1154860.77936,2.768979,0.759486,160.96488
V366,2626307.40588,1175195.13680,2.907781,0.447591,169.075047
V367,2592440.62892,1210413.67061,0.306514,0.527661,17.99732
V368,2629511.08658,1262943.88352,0.695263,0.36612,40.499299
V369,2647023.68410,1111292.14238,4.132997,0.375114,240.227901
V370,2735088.37113,1124127.93930,3.970062,0.340451,230.803902
V371,2747945.67505,1240484.22203,3.581348,0.349832,208.152046
V372,2697236.61714,1162753.56203,3.584794,0.650101,208.390958
V373,2646823.68001,1243072.18862,0.345205,0.496601,20.175112
V374,2615429.89714,1222125.07456,0.288667,0.518492,16.963234
V375,2814797.84724,1171465.19929,3.076877,0.728595,178.882938
V376,2682178.68438,1176552.89585,3.24381,0.549776,188.587941
V377,2560256.65837,1133809.57198,0.278526,0.701407,16.34983
V378,2701238.79721,1164691.55663,3.73773,0.60533,217.279494
V379,2714682.81449,1161247.70113,3.878585,0.572156,225.500714
V380,2777177.42180,1190758.15008,2.832494,0.798339,164.653299
V381,2775056.45785,1196785.99555,2.943373,0.593638,171.10395
V382,2688644.18484,1199337.76714,4.465656,0.155878,259.53206
V383,2760791.21038,1257578.60429,3.458046,0.377114,200.915182
V384,2645849.58844,1123664.95589,2.979583,0.325011,173.236682
V385,2655331.53314,1177481.91282,0.646144,0.214315,37.578657
V386,2608473.84900,1188527.95734,0.56359,0.281363,32.887486
V387,2673857.89501,1204321.58939,3.395917,0.237064,197.397745
V388,2783787.60759,1206138.01577,2.904446,0.762893,168.831701
V389,2734421.21950,1169019.09577,3.533395,0.437856,205.466187
V390,2598722.01590,1139018.96247,2.413273,0.537491,140.256929
V391,2587241.97539,1114637.74739,0.801118,0.718676,46.595989
V392,2794025.07627,1164340.38354,3.109435,0.603115,180.788863
V393,2740963.68074,1134328.39137,3.883509,0.465051,225.848499
V394,2709706.10211,1181075.93824,3.483319,0.646688,202.486203
V395,2616297.97239,1126323.34823,2.334718,0.444793,135.707007
V396,2604264.12431,1240429.49334,0.674155,0.502496,39.268301
V397,2634456.95733,1263679.96493,0.663864,0.386683,38.673343
V398,2760322.12981,1148231.06333,3.337255,0.666861,193.998317
V399,2635084.51395,1151046.22002,3.631341,0.895761,211.095257
V400,2729355.07835,1144435.43388,3.992804,0.586318,232.156568
V401,2717052.21438,1138711.70504,4.705399,0.473906,273.531888
V402,2595269.96332,1221591.45270,0.308051,0.511617,18.092927
V403,2791635.80364,1197091.22673,2.722597,0.895199,158.259419
V404,2715704.70549,1190518.26663,3.62566,0.622727,210.769219
V405,2682055.73468,1269940.97724,0.727571,0.511075,42.359421
V406,2697667.40491,1139337.85583,4.189501,0.505183,243.552935
V407,2717321.21901,1086329.10984,5.417821,0.174423,314.876371
V408,2822711.45728,1177598.74180,3.101107,0.844968,180.272367
V409,2697729.18244,1176554.99545,3.340389,0.568354,194.191559
V410,2539495.18736,1154059.36492,0.081449,0.474621,4.899178
V411,2673349.11920,1197403.04910,3.288001,0.417885,191.113368
V412,2678281.66597,1231367.21568,2.669934,0.122646,154.638541
V413,2640547.28528,1128966.86948,0.82646,0.394424,48.044674
V414,2598197.76007,1245052.60961,0.634779,0.435754,36.988725
V415,2563267.69135,1136909.08011,1.269848,0.270312,73.853659
V416,2726990.33685,1156299.76844,3.737772,0.698695,217.28699
V417,2718102.72465,1154344.59927,3.705985,0.481154,215.481735
V418,2527011.05963,1195743.74895,0.389247,0.60846,22.740289
V419,2761398.03163,1157678.67884,3.290975,0.650286,191.302449
V420,2695186.72203,1272045.27575,0.745895,0.472895,43.432243
V421,2648488.35194,1158713.19771,3.67482,0.897058,213.617401
V422,2730781.58542,1247318.51691,1.633604,0.086152,94.801312
V423,2613245.65827,1167906.68683,1.046519,0.133499,60.953461
V424,2522244.91017,1170360.27328,0.331189,0.646994,19.399969
V425,2565551.52634,1181316.11437,0.21705,0.476436,12.741255
V426,2736527.69225,1163413.75506,3.320363,0.60277,193.022889
V427,2732729.79497,1229131.53135,3.273415,0.260902,190.328352
V428,2797980.60674,1139842.27838,3.772404,0.573212,219.353699
V429,2703285.83694,1137114.34910,4.21254,0.527837,244.912467
V430,2731007.45281,1200229.12220,4.102852,0.374053,238.486296
V431,2723361.91824,1141866.84600,3.983694,0.520163,231.644552
V432,2663089.79874,1222455.66529,3.483014,0.089135,201.607406
V433,2601560.15588,1200097.27863,0.115292,0.281488,7.013586
V434,2794418.28544,1176739.17196,3.028746,0.858791,176.063909
V435,2723843.83168,1241497.43989,4.885276,0.026743,284.787399
V436,2798471.37106,1156948.62757,3.16109,0.870538,183.760766
V437,2721928.94808,1219691.93864,4.084666,0.36823,237.424945
V438,2628242.28213,1250900.75645,0.510757,0.416545,29.774947
V439,2625556.90267,1099082.29779,2.819504,0.540355,163.872571
V440,2644747.50550,1128399.55755,1.439188,0.191077,83.626024
V441,2631154.75751,1099663.26402,3.736179,0.864285,217.185098
V442,2779930.54857,1202413.39355,2.793364,0.550061,162.395103
V443,2672288.32443,1208173.31286,3.365403,0.285036,195.478697
V444,2569369.44867,1256462.09491,0.879696,0.510738,51.201405
V445,2730505.13946,1137686.93163,3.859628,0.531188,224.386032
V446,2700726.16477,1119782.22042,4.619558,0.52571,268.587515
V447,2690593.94088,1284480.07361,0.910512,0.426537,53.006618
V448,2734638.48616,1154517.54942,3.818499,0.44342,222.05695
V449,2718308.69252,1264951.09763,0.732974,0.234117,42.762132
V450,2728238.37527,1195129.26083,3.618317,0.595423,210.350027
V451,2718448.36268,1283793.44379,1.468587,0.226601,85.3504
V452,2706743.12180,1202073.68764,3.434189,0.532244,199.657277
V453,2565630.13453,1106098.41341,2.455836,0.268892,142.723502
V454,2581445.20697,1203675.87444,0.289142,0.439566,16.987563
V455,2602982.12500,1259235.52032,0.935861,0.31665,54.50494
V456,2669774.19647,1215475.61783,3.208714,0.243066,186.328613
V457,2805543.79482,1181445.99771,3.077561,0.768565,178.907572
V458,2805991.47618,1188533.61630,2.967772,0.867585,172.508076
V459,2825980.09167,1184019.73760,3.06751,0.838252,178.318258
V460,2716948.76266,1150769.80721,4.325286,0.490208,251.488457
V461,2717674.53536,1210174.67007,3.610306,0.501244,209.85432
V462,2735129.27797,1144904.97935,4.062785,0.521215,236.251657
V463,2634793.85908,1194475.09244,1.446274,0.132548,84.041227
V464,2749648.78843,1227009.70697,4.265743,0.11525,248.142391
V465,2664298.26929,1168826.87648,2.835825,0.448266,164.868216
V466,2707793.34203,1282931.41909,0.902835,0.613687,52.522963
V467,2668400.84571,1199350.34615,3.550718,0.245099,206.405318
V468,2720213.51986,1243062.38348,0.914131,0.128784,52.985654
V469,2674632.14933,1255877.94804,0.617834,0.40014,35.99616
V470,2579415.95122,1194376.90101,0.244713,0.386442,14.384637
V471,2658596.65478,1167760.98770,2.924607,0.593183,170.026005
V472,2704062.49139,1179536.75928,3.426436,0.732176,199.182173
V473,2693114.74562,1263352.01041,0.50093,0.311592,29.311551
V474,2553141.83295,1152214.25016,0.325316,0.481393,19.077325
V475,2814678.80090,1198312.83828,2.916748,0.902602,169.549666
V476,2561593.22413,1120314.86786,0.379213,0.495538,22.289972
V477,2737575.11756,1233789.09304,3.327675,0.260344,193.340495
V478,2825525.89283,1207380.64862,2.70666,0.87614,157.33157
V479,2609906.36623,1097101.69494,3.796691,0.903622,220.707082
V480,2747173.37348,1190225.01510,3.451282,0.569501,200.666851
V481,2786577.88257,1143402.95409,3.339506,0.827318,194.130036
V482,2624987.43111,1153839.59786,2.803536,0.811436,162.976064
V483,2714279.03880,1205277.98610,3.353105,0.702142,194.929695
V484,2769413.24658,1151372.00387,3.491122,0.532611,202.98358
V485,2708229.85432,1154498.96001,3.820083,0.436062,222.126705
V486,2630221.74831,1258253.43839,0.692498,0.301357,40.379944
V487,2632214.72071,1230309.85774,0.370015,0.61403,21.608278
V488,2639420.36891,1098155.59980,3.66051,0.686174,212.755149
V489,2761862.16233,1254871.65402,3.53027,0.337052,205.132825
V490,2603717.29944,1222136.47948,0.195225,0.535424,11.572354
V491,2580532.59382,1118874.99982,2.510629,0.384157,145.929639
V492,2827712.65334,1202895.88270,2.859784,0.849762,166.23486
V493,2710918.23123,1157684.08333,3.972886,0.516466,231.000014
V494,2569034.79245,1230752.47449,0.747843,0.55506,43.533195
V495,2709173.26977,1247469.81145,0.591868,0.152591,34.582965
V496,2715394.67460,1135236.17299,4.756784,0.479686,276.538629
V497,2584479.87812,1181235.01409,6.28161,0.375438,365.118501
V498,2571664.56079,1152415.57631,1.65363,0.162086,96.04004
V499,2571486.85029,1098314.66108,2.791778,0.687453,162.317718
V500,2581026.15726,1123815.60978,2.716922,0.796797,157.943421
V501,2740368.85477,1164023.03043,3.784324,0.491456,220.049911
V502,2548444.26925,1206537.00285,0.666892,0.571868,38.859162
V503,2636431.38756,1128307.03059,1.532579,0.352414,89.046172
V504,2691512.17793,1214396.67405,3.151661,0.460995,183.251508
V505,2581492.02116,1157546.63703,2.608712,0.493245,151.606769
V506,2655178.47087,1205221.20456,2.969783,0.366202,172.597082
V507,2687941.62789,1269311.89886,0.734411,0.459663,42.767467
V508,2808501.54302,1183084.69384,2.915494,0.679707,169.493685
V509,2783025.99432,1168346.58130,2.982612,0.79873,173.375957
V510,2714424.65893,1108836.87301,4.305071,0.248499,250.400243
V511,2548531.92549,1218166.31332,0.408965,0.639804,23.905195
V512,2698415.81484,1227397.78509,3.50872,0.329722,203.86638
V513,2511136.57124,1125599.10614,0.438768,0.673794,25.590547
V514,2637873.16760,1134900.77346,2.921184,0.68631,169.811599
V515,2739913.00454,1238995.07179,3.381221,0.227421,196.563218
V516,2611011.14466,1225431.65923,0.110353,0.60375,6.621963
V517,2599564.91029,1145239.23176,1.433524,0.363655,83.349694
V518,2569340.84738,1133762.16385,1.298636,0.344721,75.488083
V519,2720568.91878,1087199.30206,4.582112,0.174756,266.388375
V520,2792114.15038,1169621.07871,3.048215,0.817017,177.198088
V521,2663663.04655,1201098.92267,2.868709,0.152107,166.652313
V522,2620826.89663,1098711.66286,3.766791,0.797754,218.969211
V523,2573318.74654,1194994.64997,0.093477,0.388021,5.658993
V524,2622896.51067,1223550.77120,0.16615,0.502572,9.862758
V525,2627659.27658,1180584.47778,2.175184,0.333152,126.405863
V526,2736863.83088,1184927.11351,3.179451,0.01975,185.930348
V527,2585669.12248,1085893.83839,3.607368,0.785366,209.681396
V528,2663072.05317,1147119.10519,2.228637,0.28509,129.573899
V529,2685616.36603,1266350.45628,0.590303,0.482991,34.393364
V530,2584987.94201,1152446.87126,1.992227,0.297568,115.79539
V531,2634272.28294,1135146.17067,3.307664,0.776423,192.267062
V532,2682566.55250,1228378.80769,3.299034,0.240781,191.624068
V533,2617754.71883,1193704.93305,1.103756,0.020801,64.884817
V534,2647539.17742,1209537.10756,1.146781,0.134971,66.657904
V535,2526244.96331,1150943.80720,0.243396,0.5389,14.344778
V536,2623702.41081,1187919.63988,1.880929,0.237765,109.254223
V537,2727537.58267,1121699.08700,4.500749,0.299834,261.667588
V538,2691367.06798,1197350.66814,3.410646,0.363634,198.328282
V539,2671583.51253,1183711.29375,3.101724,0.671097,180.327656
V540,2723460.54967,1129902.34241,3.92516,0.532574,228.199979
V541,2765700.36160,1184514.79481,3.010053,0.700983,174.984718
V542,2689404.55973,1153796.98135,4.64196,0.280771,269.950724
V543,2704978.75504,1170224.50615,3.517077,0.375586,204.534627
V544,2712542.35622,1115522.19490,4.789044,0.350564,278.350658
V545,2584505.60450,1146334.07112,1.185971,0.395349,68.978034
V546,2678427.50745,1236502.83586,2.482195,0.161413,143.895764
V547,2642896.39725,1163140.16125,2.583932,0.555442,150.244671
V548,2711315.96941,1092202.66063,4.595149,0.24526,267.12554
V549,2760859.45510,1133694.48056,4.368457,0.423202,254.036894
V550,2612008.02152,1139549.96293,2.999052,0.846931,174.34003
V551,2703091.45919,1160318.93620,3.829742,0.592972,222.645457
V552,2679662.71712,1214158.54516,3.240677,0.256166,188.290056
V553,2665083.80014,1227894.21546,1.094999,0.127169,63.90154
V554,2719623.03928,1188947.26796,3.448198,0.718238,200.439278
V555,2693291.96045,1156540.96815,4.077461,0.343886,237.127103
V556,2664500.17338,1265538.12837,0.533704,0.651679,31.070003
V557,2602730.09285,1099092.35231,3.208957,0.729282,186.533846
V558,2651614.71653,1117781.48428,4.062275,0.187255,236.199044
V559,2581195.52086,1222456.28593,0.308171,0.63835,18.028638
V560,2651347.19016,1163122.55330,3.664131,0.925687,212.99365
V561,2739287.16208,1150312.48744,3.923769,0.652534,228.109536
V562,2791888.08650,1142804.61898,3.616343,0.871328,210.220482
V563,2733352.50959,1181975.17090,0.536161,0.294098,31.123195
V564,2722173.73205,1124035.63184,4.509887,0.389927,262.114436
V565,2665142.15788,1173664.38361,2.818348,0.389737,163.869885
V566,2780859.16076,1139621.04700,3.134173,0.696718,182.206161
V567,2718454.09692,1104949.58391,4.085074,0.248066,237.570605
V568,2602359.54093,1170760.17489,2.495615,0.375907,145.016859
V569,2571502.32784,1146904.29615,1.099422,0.248755,63.97136
V570,2781363.43899,1196477.22344,2.8364,0.538443,164.883766
V571,2728995.00984,1279072.30614,1.912312,0.097327,110.828124
V572,2575228.21307,1176912.01088,0.231384,0.39418,13.654447
V573,2507851.58364,1141670.29506,0.232695,0.716065,13.619059
V574,2688044.80418,1190554.54444,3.772762,0.268429,219.391621
V575,2565617.47327,1188795.77199,0.163676,0.428229,9.622095
V576,2737924.05492,1222582.21060,3.82468,0.29497,222.414354
V577,2640818.03876,1135388.73375,2.56677,0.596026,149.223529
V578,2733494.48180,1243074.43128,2.887196,0.149205,167.74982
V579,2744878.96211,1213587.76890,3.850413,0.34696,223.875566
V580,2616698.48391,1102656.39637,3.779735,0.90768,219.719756
V581,2751586.36062,1224266.35373,3.901894,0.358978,226.806126
V582,2720074.39382,1117503.30413,4.39111,0.289339,255.302086
V583,2662319.27889,1173622.01015,1.616138,0.350387,93.985669
V584,2623153.88145,1268939.58154,0.625019,0.256585,36.40802
V585,2711981.14420,1193679.01059,3.424008,0.591167,199.054426
V586,2768425.60175,1170102.07918,3.276087,0.612199,190.444506
V587,2571807.02004,1199493.68798,0.302324,0.514393,17.724844
V588,2788121.55525,1180005.14191,2.931176,0.792937,170.386854
V589,2574908.24766,1095103.54943,2.2106,0.476327,128.563926
V590,2776447.95503,1207869.77144,2.911679,0.557068,169.269655
V591,2598441.01025,1179383.61664,1.065674,0.236309,61.914138
V592,2665351.44800,1271241.30387,0.465426,0.67424,27.101512
V593,2754556.25363,1259951.53989,3.669335,0.303263,213.107996
V594,2588837.21646,1193720.12219,0.213607,0.35948,12.591448
V595,2597239.22878,1253197.12822,0.698898,0.421778,40.707533
V596,2740686.23054,1204213.42040,3.244107,0.622259,188.583543
V597,2773870.57558,1149123.11766,3.043837,0.711708,176.933594
V598,2577792.59530,1089286.83000,2.868099,0.712446,166.723315
V599,2770205.24953,1144984.00178,3.155561,0.620621,183.448059
V600,2704071.98088,1141205.76613,4.191011,0.550713,243.653518
V601,2571235.76457,1139878.70007,2.001424,0.424691,116.341564
V602,2789462.17902,1184755.52990,2.815285,0.828341,163.643093
V603,2773029.07144,1170329.81762,3.961129,0.308285,230.3968
V604,2726218.78731,1201711.01214,3.441176,0.504199,200.070924
V605,2636015.85712,1160718.99901,2.136618,0.428845,124.218191
V606,2682686.29984,1239806.81236,2.408162,0.111353,139.468076
V607,2796293.10020,1153440.88638,3.243592,0.794948,188.553065
V608,2680873.27061,1283516.59974,0.519784,0.645528,30.284084
V609,2537040.04204,1158268.27169,0.168911,0.602082,9.935807
V610,2743149.25061,1242139.73636,3.386454,0.191293,196.846453
V611,2651535.14380,1187592.57633,2.960311,0.144953,172.087407
V612,2611241.58770,1171957.72303,0.820977,0.216113,47.852811
V613,2609024.20273,1221655.56076,0.196239,0.548008,11.625841
V614,2551191.89065,1135366.95104,1.416907,0.159811,82.417766
V615,2738663.53265,1254067.02771,3.89359,0.186556,226.173554
V616,2619422.37557,1206843.89428,0.742705,0.09525,43.581723
V617,2661178.35411,1212011.36665,3.157653,0.209137,183.34448
V618,2797456.43381,1182092.67403,2.92511,0.820079,170.031221
V619,2612758.52140,1209909.62180,0.259872,0.268045,15.379849
V620,2654726.98888,1182450.78259,1.707982,0.118741,99.124284
V621,2592601.77116,1094846.46149,3.465962,0.734015,201.470341
V622,2684537.78836,1117038.55397,4.271207,0.387604,248.38666
V623,2676901.64206,1160523.19038,3.388116,0.620651,196.925629
V624,2734720.38820,1258002.74319,3.806703,0.096324,221.086899
V625,2652289.71689,1255556.54465,0.263887,0.573364,15.401678
V626,2727196.38791,1150967.93567,3.865749,0.727292,224.725967
V627,2763217.27632,1252312.62131,3.622081,0.28696,210.424663
V628,2609807.60853,1144083.50591,2.81758,0.607534,163.755419
V629,2572094.64452,1217673.98644,0.435966,0.552851,25.468321
V630,2688096.76617,1228985.02370,3.685699,0.253106,214.251991
V631,2601897.69599,1120855.94795,1.046199,0.464631,60.853556
V632,2674884.52717,1235458.01573,1.826566,0.115968,106.049621
V633,2783178.27097,1152362.68441,3.158532,0.685955,183.623268
V634,2577186.72278,1199953.99608,0.105448,0.345923,6.379106
V635,2698290.41428,1155308.06564,3.712835,0.489513,215.866204
V636,2687184.23705,1217955.08746,3.132566,0.382207,182.060999
V637,2681761.38757,1130500.19686,3.989875,0.316347,231.947277
V638,2699812.81441,1171467.30264,3.78895,0.378857,220.351618
V639,2687642.61996,1129355.24356,4.70801,0.345636,273.734767
V640,2666789.00437,1162422.93402,2.856494,0.791017,166.059654
V641,2655620.41912,1192224.31804,2.546185,0.069971,147.810992
V642,2681903.51339,1134647.10952,4.134653,0.425452,240.382452
V643,2750733.72551,1194334.99603,3.101006,0.481243,180.298916
V644,2770159.57579,1137639.91833,4.069275,0.381802,236.631802
V645,2599968.32689,1236030.58827,0.633194,0.536313,36.904363
V646,2703743.87922,1243260.21129,3.5736,0.046342,207.445282
V647,2631728.23558,1226099.72756,0.353994,0.583195,20.684573
V648,2688416.92348,1210420.26218,3.485982,0.406762,202.693575
V649,2719354.83601,1127091.04811,4.774575,0.419013,277.488203
V650,2579806.98100,1188242.11986,0.112195,0.293158,6.751421
V651,2770520.80251,1132775.21600,3.79934,0.713522,220.871601
V652,2589982.93800,1177020.64425,0.026333,0.075905,2.274933
V653,2578007.13564,1140834.12284,1.890976,0.320148,109.95457
V654,2705208.50005,1219673.71117,3.374052,0.373668,196.213687
V655,2793395.29790,1190725.51145,2.912599,0.778499,169.308969
V656,2710674.07275,1099020.21460,4.439166,0.317062,258.030632
V657,2754556.27012,1153775.76641,3.763289,0.493777,218.850911
V658,2664405.47476,1142827.28212,3.513605,0.524509,204.236733
V659,2507276.55750,1120063.41377,0.384445,0.636198,22.439804
V660,2805006.59148,1169353.67040,3.154561,0.792331,183.386388
V661,2559892.15813,1169836.26624,0.397831,0.3873,23.262748
V662,2599389.71049,1116427.11865,1.844892,0.577029,107.270124
V663,2574134.42655,1082969.55442,3.093552,0.675795,179.82096
V664,2731752.51248,1252873.94616,3.823849,0.166998,222.120093
V665,2734129.12517,1220799.51391,4.073569,0.125911,237.183483
V666,2754916.72773,1238057.78742,3.625813,0.358034,210.747697
V667,2635759.54075,1211486.01220,1.352618,0.177552,78.649448
V668,2730913.93654,1162225.71185,3.890009,0.51075,226.183514
V669,2600281.09546,1194404.95920,0.509149,0.367123,29.729825
V670,2814699.17943,1181843.15727,3.091449,0.760056,179.71834
V671,2574748.23237,1102906.32053,0.618088,0.579321,36.05649
V672,2667705.63275,1179328.47618,3.015172,0.66254,175.290013
V673,2754552.48210,1157779.20349,3.453618,0.594924,200.776958
V674,2521776.84873,1166622.71587,0.253555,0.724507,14.87912
V675,2775135.90867,1167395.40973,3.249256,0.544657,188.906025
V676,2700587.49240,1282792.89573,1.001111,0.46751,58.265147
V677,2746062.64276,1223887.03122,3.248031,0.618065,188.814479
V678,2579677.56821,1131210.28821,2.519941,0.511907,146.442415
V679,2743003.61494,1193516.16496,3.149875,0.759961,183.090187
V680,2586168.91482,1109654.64844,2.440164,0.813651,141.860593
V681,2761034.90098,1170474.53412,3.654793,0.49732,212.505019
V682,2707109.58241,1146823.83425,4.369542,0.332086,254.111392
V683,2610703.34393,1106274.08715,3.030298,0.891735,176.151416
V684,2686825.87155,1121367.37081,4.197803,0.37292,244.087545
V685,2795876.34543,1187189.28976,2.901748,0.878221,168.673969
V686,2584551.15347,1122020.29014,1.999258,0.231827,116.26785
V687,2613395.98052,1259134.63033,0.771011,0.369867,44.919626
V688,2752191.25889,1216626.94922,3.401303,0.07044,198.318619
V689,2653057.04990,1142479.88453,2.519045,0.46574,146.479059
V690,2669204.01052,1176224.52568,3.012572,0.432567,175.167986
V691,2597692.57845,1227159.61982,0.33364,0.569455,19.585395
V692,2723677.35282,1136898.68258,4.05737,0.522398,235.926333
V693,2653109.98419,1266909.03369,0.292859,0.738567,17.094882
V694,2724973.95469,1084364.13430,4.307733,0.124134,250.423946
V695,2721875.08853,1183968.76055,3.580894,0.584425,208.160139
V696,2593050.62766,1145833.84100,2.238418,0.432738,130.116057
V697,2731110.32592,1203892.62504,3.729653,0.171568,217.084252
V698,2659924.65836,1175818.56764,2.490151,0.299835,144.711348
V699,2656536.40656,1217773.41574,0.214103,0.084083,13.028471
V700,2536598.80119,1166447.89909,0.255588,0.61191,14.967759
V701,2737971.20384,1268992.83494,0.185964,0.075185,11.311148
V702,2625228.34038,1145331.08283,3.723653,0.906174,216.465773
V703,2811303.36144,1190325.70657,2.931538,0.881385,170.401802
V704,2684630.92543,1138701.32916,4.684146,0.348566,272.279763
V705,2502750.83352,1137048.24277,0.23714,0.693349,13.907622
V706,2651451.70938,1138667.03915,1.632981,0.139664,94.902924
V707,2694482.97517,1199431.95400,3.265048,0.622787,189.812843
V708,2690426.31352,1147787.27995,3.975013,0.475632,231.109312
V709,2653387.47658,1235729.39513,0.346823,0.434711,20.27898
V710,2733573.63544,1159134.94752,3.666692,0.591457,213.176666
V711,2678387.35921,1167351.90461,3.600172,0.667597,209.263329
V712,2796870.76843,1145145.90670,3.486722,0.597446,202.717105
V713,2779797.43972,1157135.52239,3.049596,0.813677,177.263176
V714,2732653.48654,1208263.83471,3.416683,0.674838,198.610746
V715,2676243.74613,1192503.58533,3.020528,0.73077,175.596842
V716,2642579.52543,1263870.14250,0.321735,0.649238,18.763255
V717,2625438.45983,1237534.77754,0.336787,0.516242,19.646285
V718,2612377.46431,1252084.54038,0.492249,0.334435,28.724925
V719,2569326.48719,1173585.04805,0.118098,0.449076,7.078399
V720,2585145.52453,1140469.21302,1.510138,0.303618,87.811753
V721,2660849.24452,1189023.81007,3.421801,0.248723,198.831283
V722,2631093.18687,1143328.46598,3.352899,0.673362,194.905666
V723,2639791.27398,1245738.79651,0.312986,0.515501,18.263318
V724,2714102.96998,1243219.06747,0.40333,0.043978,23.646615
V725,2731120.58580,1181326.57364,0.135882,0.162519,7.795997
V726,2670652.68317,1241348.53335,1.006011,0.262149,58.599943
V727,2800569.06956,1132712.40851,3.511779,0.385312,204.191874
V728,2634671.03680,1202054.77463,1.716526,0.23738,99.679138
V729,2623685.46487,1195000.35313,1.929799,0.060879,111.694166
V730,2717709.54254,1236084.38971,3.709807,0.217201,215.603077
V731,2603206.53690,1208512.32613,0.458408,0.397,26.825223
V732,2748957.26269,1171783.39465,3.442179,0.373441,200.143983
V733,2683663.47371,1206599.53900,3.092911,0.340026,179.788127
V734,2686872.14721,1278782.79610,0.685612,0.522065,39.946002
V735,2720814.89156,1273973.11306,0.903113,0.411378,52.574715
V736,2582691.13816,1090999.02168,2.872032,0.66168,166.947452
V737,2605142.37486,1244005.86552,0.817528,0.460228,47.594761
V738,2556529.39097,1159649.36766,0.290748,0.382805,17.094246
V739,2718446.75549,1222407.48851,3.827477,0.353675,222.463879
V740,2561198.50738,1189812.55537,0.247029,0.554035,14.449149
V741,2608138.08659,1259388.59344,0.6571,0.315049,38.316644
V742,2686943.96148,1197469.81283,3.889416,0.345022,226.120163
V743,2693522.54288,1184420.90822,4.041912,0.278781,235.053169
V744,2723624.75388,1105298.61928,3.674018,0.239527,213.734807
V745,2583995.13138,1172701.74086,1.849381,0.288455,107.445776
V746,2627160.50188,1229714.41423,0.286293,0.54927,16.760662
V747,2682102.97693,1193467.79425,3.118937,0.726113,181.31704
V748,2731467.53138,1188024.16731,3.151584,0.61135,183.189609
V749,2638793.30757,1165977.33902,2.067288,0.476866,120.22404
V750,2723181.80871,1156027.08021,3.638208,0.712145,211.505985
V751,2658052.41729,1248805.56543,0.463744,0.443795,27.072777
V752,2573913.77912,1241229.45251,0.382708,0.560216,22.3862
V753,2727029.19740,1113199.84195,3.341239,0.374385,194.277767
V754,2579625.54729,1211695.71270,0.31677,0.544576,18.553502
V755,2618712.45255,1184286.48752,1.204479,0.21019,70.04907
V756,2800766.12357,1177457.74102,3.137624,0.727603,182.401792
V757,2533105.89341,1179140.62614,0.397957,0.616855,23.283391
V758,2747867.92677,1256207.07037,3.488321,0.189081,202.597645
V759,2639119.92637,1267906.38432,0.415272,0.390743,24.248631
V760,2767073.95086,1140513.38125,3.559246,0.583717,206.938002
V761,2628343.32830,1196787.93214,1.531676,0.098214,88.936195
V762,2722998.59762,1220572.49989,4.359328,0.372279,253.349969
V763,2611330.38360,1150873.25156,2.374585,0.337839,138.065218
V764,2760702.32679,1183816.81972,3.057723,0.609055,177.768195
V765,2621376.95578,1202347.37887,1.483208,0.108856,86.08485
V766,2741292.06755,1155922.06057,3.959024,0.504767,230.194734
V767,2687104.36436,1187603.18367,3.274764,0.600054,190.402837
V768,2629894.94459,1163941.69285,2.403109,0.651897,139.704372
V769,2739762.66886,1212981.40793,3.462859,0.494748,201.32542
V770,2687612.43118,1134896.32176,4.594009,0.38542,267.094132
V771,2549822.04121,1168466.01039,0.192164,0.553537,11.277844
V772,2698345.07293,1238675.56828,4.342687,0.043082,252.664197
V773,2630712.61525,1094531.97603,3.778159,0.884726,219.633378
V774,2686928.89901,1184216.64366,3.506117,0.672732,203.816346
V775,2684894.27280,1192825.34662,3.15618,0.689035,183.473929
V776,2622101.87954,1129445.53065,2.227135,0.556791,129.507921
V777,2500856.26347,1111047.74011,0.464549,0.607475,27.053836
V778,2717980.16452,1228836.45095,4.028555,0.377455,234.098425
V779,2714572.38430,1146075.48145,4.552089,0.492554,264.655708
V780,2771506.69499,1160865.07003,3.258113,0.688235,189.390533
V781,2803460.00298,1137979.64344,3.64913,0.390279,212.191849
V782,2559144.55606,1156244.75362,0.220297,0.417352,13.010894
V783,2774192.27386,1136158.58610,3.773447,0.676212,219.388143
V784,2728323.25910,1257467.58957,4.156093,0.032527,241.727141
V785,2547861.74913,1179084.84054,0.305511,0.582219,17.875808
V786,2637093.97638,1241044.05165,0.304547,0.575587,17.796943
V787,2662061.34349,1235186.54451,0.546956,0.263374,32.022958
V788,2732693.42855,1213588.67399,3.442786,0.667047,200.140105
V789,2722192.22870,1195285.24401,3.548245,0.58487,206.281801
V790,2483963.90301,1114385.38287,0.413222,0.635378,24.110019
V791,2706877.94426,1108597.68050,4.347052,0.344528,252.686972
V792,2791387.17519,1149762.78891,3.343769,0.538211,194.421101
V793,2547652.45891,1161259.27188,0.243373,0.520549,14.219469
V794,2611526.88703,1128659.04163,0.459229,0.562486,26.767603
V795,2594466.57356,1126074.00064,2.129104,0.28425,123.76574
V796,2604799.91163,1187717.47547,0.192824,0.382917,11.353992
V797,2758027.04577,1213156.20125,4.754976,0.110131,276.371519
V798,2614061.62376,1178689.97531,4.021049,0.105017,233.709783
V799,2735613.50441,1226512.20693,3.257441,0.381114,189.369329
V800,2709267.44378,1161365.85267,3.887708,0.628137,226.013693
V801,2679733.69538,1219990.15932,3.220714,0.268571,187.049797
V802,2690730.60060,1220286.88603,3.149304,0.363255,183.00061
V803,2687417.58851,1290477.88989,0.78338,0.674335,45.570361
V804,2747048.84090,1208167.84870,3.577507,0.300066,208.02958
V805,2685110.53073,1110880.01712,4.591695,0.446275,266.971705
V806,2754425.71650,1209027.52696,5.364676,0.096272,311.495258
V807,2568291.55143,1158483.46394,0.844867,0.266228,49.227819
V808,2498021.51134,1116950.33559,6.107943,0.350106,354.951132
V809,2591704.98546,1198523.92136,0.422668,0.332431,24.732445
V810,2574173.74147,1168770.86081,0.320343,0.243915,18.878128
V811,2671585.54524,1220934.89555,3.153845,0.259483,183.104516
V812,2603548.78869,1217374.30897,0.337231,0.539172,19.743001
V813,2581595.86310,1162148.08908,1.904969,0.316511,110.671727
V814,2632159.96433,1176153.04866,1.771308,0.446131,103.000014
V815,2788173.90513,1171389.35640,2.987403,0.872736,173.662573
V816,2679688.07490,1156575.16895,3.571089,0.601778,207.585684
V817,2766568.85265,1199155.26291,2.732234,0.48117,158.818529
V818,2626390.64416,1089988.31704,3.880254,0.878832,225.557844
V819,2659984.91266,1265097.13828,0.4444,0.641055,25.884194
V820,2651044.78407,1243267.74692,0.286502,0.553971,16.754139
V821,2581721.56478,1104267.57367,1.990576,0.670203,115.734661
V822,2709267.65224,1272629.00961,0.899031,0.312419,52.374123
V823,2628978.21943,1131955.10678,2.846388,0.539081,165.471265
V824,2704967.88205,1279489.58556,1.048207,0.435079,61.006319
V825,2693433.30929,1173596.07179,3.255933,0.583742,189.268512
V826,2677704.06676,1260040.41483,0.554773,0.456254,32.320618
V827,2762902.76280,1166880.20380,3.728498,0.497291,216.798249
V828,2591665.04987,1249686.11523,0.446068,0.443351,26.081864
V829,2529161.59873,1191528.77622,0.583121,0.609483,33.971043
V830,2544370.62042,1168158.17804,0.23402,0.596563,13.667742
V831,2611186.83480,1116319.02076,2.066525,0.626205,120.161275
V832,2530637.71240,1156222.67987,0.30837,0.605625,18.033791
V833,2681607.42817,1142455.17511,4.175117,0.57539,242.708579
V834,2636213.71099,1115138.21436,2.939807,0.603309,170.85968
V835,2716479.48172,1180996.85740,3.69212,0.605013,214.633456
V836,2615082.58536,1200115.85335,0.28939,0.205769,17.130119
V837,2595426.60873,1159019.12782,1.281345,0.388,74.515073
V838,2623896.54431,1231310.16939,0.330851,0.613416,19.304502
V839,2589205.93603,1244296.96277,0.464164,0.431735,27.136196
V840,2657599.25772,1255555.16524,0.39728,0.473099,23.169701
V841,2729170.33545,1223949.18116,3.620257,0.28854,210.482468
V842,2638077.11797,1263629.60389,0.480242,0.558785,27.984755
V843,2588144.76195,1252270.14663,0.556442,0.441435,32.484524
V844,2651318.66292,1110545.73580,3.84767,0.204545,223.712483
V845,2680846.21505,1203983.29736,3.726886,0.25738,216.520174
V846,2690944.89020,1179850.12353,3.57307,0.390404,207.725345
V847,2549706.13635,1149386.29131,0.28628,0.474585,16.81447
V848,2647216.32424,1191359.99279,3.162801,0.227767,183.828029
V849,2618620.47726,1181474.85333,0.779617,0.162202,45.340349
V850,2565005.65195,1217374.48290,0.697082,0.522595,40.591633
V851,2642766.35773,1204912.98645,1.508313,0.187517,87.528635
V852,2778196.18537,1138257.71565,3.279571,0.730408,190.662761
V853,2628970.44894,1117559.49909,2.799582,0.640849,162.748368
V854,2753124.72235,1178597.73152,3.96119,0.304068,230.440079
V855,2578593.93985,1213937.40477,0.67947,0.463151,39.601396
V856,2552223.83294,1181585.57928,0.215093,0.528553,12.63472
V857,2746973.06987,1218757.33061,3.611913,0.14544,209.992969
V858,2622484.74923,1102864.38502,3.846405,0.880498,223.592568
V859,2721234.36894,1202483.43890,4.024165,0.325866,233.983645
V860,2547259.16331,1154136.87194,0.311718,0.521221,18.273261
V861,2781820.05029,1186267.75118,2.959507,0.652133,172.05223
V862,2577948.08782,1108441.84784,0.448272,0.727609,26.15523
V863,2581114.44655,1166144.30145,1.67672,0.320449,97.424646
V864,2689575.90572,1219641.17238,3.400998,0.475758,197.742548
V865,2616327.79856,1234362.12670,0.28166,0.589398,16.513266
V866,2701043.53617,1145186.45589,4.194594,0.550001,243.861935
V867,2610170.36840,1206170.87336,0.705401,0.357141,41.108507
V868,2577627.33149,1099430.70640,1.493972,0.554831,86.850741
V869,2649371.36860,1127136.72214,2.819347,0.351204,163.915086
V870,2827441.38916,1193537.87290,2.934324,0.714721,170.578988
V871,2735840.88528,1174404.43358,3.709345,0.322711,215.744646
V872,2711322.66964,1168024.04322,3.650984,0.529646,212.26389
V873,2735016.82901,1238140.77131,2.902319,0.217092,168.670339
V874,2743968.79274,1266157.62645,3.246743,0.049559,187.456342
V875,2620284.16969,1168706.44519,0.829592,0.30842,48.305986
V876,2656338.69659,1197075.32082,2.839572,0.370702,165.06098
V877,2492719.51021,1117491.16407,0.264262,0.674985,15.455656
V878,2618476.17404,1143853.28702,3.060932,0.670711,177.959608
V879,2628532.03497,1214673.28190,0.47389,0.182552,27.810855
V880,2680462.50325,1184161.57644,3.182534,0.659379,185.025948
V881,2608701.41874,1112579.32347,2.794479,0.83954,162.455516
V882,2528237.96691,1159997.25429,0.31046,0.656093,18.145948
V883,2662290.14524,1227964.98733,3.19258,0.276731,185.411821
V884,2591156.75667,1109250.08058,2.875164,0.843013,167.142222
V885,2580564.82687,1083723.84443,3.110369,0.762856,180.786289
V886,2690245.39468,1206118.99218,3.664606,0.345384,213.017188
V887,2765839.73727,1131288.85771,4.096505,0.528382,238.200579
V888,2735097.11862,1190930.92572,3.306979,0.648969,192.234782
V889,2663922.78731,1260072.64860,0.380728,0.489921,22.205391
V890,2543195.07395,1193435.69451,0.637722,0.584442,37.165404
V891,2588256.51340,1148370.34909,0.70207,0.459688,40.898071
V892,2716098.89019,1125137.44294,4.26451,0.520881,247.957015
V893,2666201.70209,1201718.19750,3.143514,0.292835,182.66219
V894,2688691.89226,1142215.19570,4.282482,0.455454,248.991195
V895,2684913.37536,1240971.97476,2.793046,0.16977,162.222041
V896,2681084.81264,1149950.89326,4.144846,0.432443,241.00354
V897,2794155.72425,1146589.86750,3.3282,0.542173,193.508933
V898,2695665.82839,1254959.28339,0.730251,0.334108,42.607721
V899,2643370.11754,1134801.17066,1.801498,0.429223,104.720796
V900,2525196.74880,1175197.90889,0.353798,0.675795,20.706475
V901,2764969.04314,1145024.63502,3.312744,0.683451,192.591919
V902,2682305.33572,1170285.56623,3.508208,0.520137,203.920387
V903,2554880.86312,1119711.37691,2.068158,0.34459,120.207963
V904,2576165.24460,1125919.72377,2.414782,0.554624,140.362863
V905,2630818.54953,1208619.55049,1.516911,0.221399,88.11139
V906,2642914.93605,1103838.39852,3.801447,0.648596,220.948955
V907,2711128.49175,1259044.99448,0.603574,0.215754,35.308421
V908,2580202.08819,1151892.78026,2.663038,0.28753,154.79911
V909,2802535.59060,1187666.59168,3.18964,0.857451,185.415545
V910,2725051.56963,1237172.29674,2.023657,0.051122,117.279862
V911,2618503.08540,1166227.54559,0.840507,0.282588,48.948308
V912,2619127.58606,1133462.34271,2.65286,0.737575,154.230163
V913,2596250.42547,1107919.79551,2.720158,0.803171,158.135192
V914,2501832.87104,1114744.56378,0.251145,0.622158,14.66904
V915,2680276.65702,1125706.64671,4.063151,0.322356,236.237518
V916,2496112.95577,1108549.65481,0.291863,0.6591,17.063767
V917,2624694.62914,1262356.56970,0.388724,0.351957,22.686641
V918,2821655.84347,1202266.61967,2.826917,0.895035,164.320565
V919,2652990.55811,1213899.98302,1.559232,0.067908,90.267631
V920,2720267.22946,1100206.71095,4.432935,0.278843,257.792881
V921,2713446.15810,1187371.68777,3.717815,0.793637,216.098602
V922,2692522.32964,1161697.43047,3.571881,0.577853,207.651221
V923,2605101.50204,1166679.29340,1.477196,0.228564,85.891444
V924,2704197.23063,1209103.78205,3.321688,0.578818,193.112915
V925,2688264.22600,1177370.02523,3.688288,0.364768,214.422024
V926,2565407.96802,1249563.75923,0.655442,0.506063,38.224184
V927,2708294.04227,1167201.21734,3.816955,0.388926,221.96242
V928,2700718.01543,1256718.90946,0.702989,0.308235,41.038199
V929,2693357.65879,1296306.72348,0.685594,0.662926,39.909259
V930,2582524.00807,1256685.23904,1.097402,0.489372,63.851165
V931,2710627.29614,1126431.69366,4.264566,0.510901,247.952616
V932,2793293.03446,1158228.53664,3.047501,0.744902,177.147068
V933,2707967.81827,1253426.66726,0.655001,0.276317,38.181493
V934,2722244.21187,1132093.20739,3.962347,0.537709,230.366585
V935,2674724.02952,1174627.79772,3.146522,0.662715,182.918079
V936,2574402.05395,1225153.92195,0.444414,0.552731,25.930698
V937,2498286.30049,1153066.61466,0.764208,0.563486,44.528739
V938,2728526.69463,1129265.02381,3.937037,0.509736,228.909771
V939,2534618.53668,1173630.76505,0.43971,0.635791,25.647983
V940,2639108.40484,1181292.69380,2.122321,0.247264,123.417869
V941,2608398.66292,1102677.10203,2.83459,0.707349,164.770046
V942,2797097.60521,1170633.68896,3.148917,0.756743,183.056948
V943,2605035.92695,1092893.33021,3.726466,0.887727,216.619674
V944,2680907.18915,1264651.96885,0.560223,0.462131,32.650833
V945,2631851.12455,1160342.64654,2.719192,0.889438,158.06991
V946,2610161.89271,1161552.07705,2.559566,0.489012,148.789809
V947,2620562.48843,1117528.30602,2.873359,0.764344,167.013851
V948,2624751.47959,1208093.99535,1.230682,0.135486,71.571261
V949,2575865.14005,1245582.24361,0.382764,0.560645,22.389355
V950,2627758.30358,1271112.30251,0.593141,0.343974,34.583444
V951,2716214.85024,1278744.59093,0.933,0.403924,54.327447
V952,2569816.41905,1209499.60937,0.330726,0.49844,19.357169
V953,2693671.98869,1135129.17452,4.451747,0.368535,258.845171
V954,2735252.88130,1204726.84958,3.461173,0.565982,201.217304
V955,2675872.40134,1228521.67315,3.17486,0.229539,184.272831
V956,2716826.56315,1094384.43847,4.422794,0.220021,257.109962
V957,2686027.63121,1159131.56683,3.579938,0.53095,208.109772
V958,2587494.58064,1187890.53522,0.114518,0.363688,6.838589
V959,2705960.22489,1225797.27445,3.781312,0.333217,219.811277
V960,2720038.37269,1092627.31028,4.879636,0.135242,283.622733
V961,2705892.52331,1131680.47481,4.379306,0.550665,254.598822
V962,2734943.37994,1130428.91326,4.243706,0.324415,246.719182
V963,2754132.97971,1204368.65804,3.405455,0.4227,197.994145
V964,2577853.64221,1116941.68032,2.575529,0.672629,149.745489
V965,2704113.71647,1268650.72882,0.718497,0.32767,41.927494
V966,2646044.00935,1257424.19321,0.255801,0.621508,14.934726
V967,2559938.48368,1180945.53500,0.162945,0.539877,9.584407
V968,2700580.84050,1210348.18251,3.234412,0.505183,188.061012
V969,2606584.27616,1192734.57785,0.364694,0.411862,21.330741
V970,2695232.23798,1282509.93174,0.674116,0.485757,39.274956
V971,2745186.16050,1198639.96618,3.285956,0.685852,191.012952
V972,2740016.52064,1245183.10199,3.009918,0.050782,175.080046
V973,2662664.30119,1216135.35200,3.227623,0.178077,187.405402
V974,2557480.24519,1226920.73319,0.546213,0.566865,31.843329
V975,2715357.76559,1166730.55525,3.674344,0.654152,213.595651
V976,2800350.37040,1185047.50048,3.004569,0.851099,174.655088
V977,2539016.41752,1197486.64613,0.373714,0.605743,21.844005
V978,2809494.37583,1168403.17902,3.260169,0.62206,189.549199
V979,2773891.56579,1202854.21376,2.071439,0.269638,120.406933
V980,2748475.42596,1230332.92968,3.894858,0.266283,226.383209
V981,2529697.22238,1171829.01907,0.444524,0.625404,25.959594
V982,2737675.87722,1139067.45348,4.085978,0.466013,237.614097
V983,2728814.54395,1242776.33728,3.215274,0.081781,186.845127
V984,2572769.51140,1184232.36304,0.142999,0.348473,8.530909
V985,2694909.88430,1123067.85027,4.67635,0.464704,271.915561
V986,2750958.99319,1151293.33885,3.786041,0.609332,220.122972
V987,2692155.50685,1151377.47755,4.128095,0.332137,240.082941
V988,2550775.14602,1201726.00876,0.326903,0.574506,19.164115
V989,2587521.86077,1129579.49416,2.793129,0.778973,162.367805
V990,2661079.11192,1207036.73804,2.503788,0.320918,145.508957
V991,2577757.07250,1162420.64271,0.953237,0.195177,55.538535
V992,2819622.29977,1195581.40901,2.825523,0.892351,164.240021
V993,2739564.52697,1129867.92739,3.816733,0.408121,221.970456
V994,2678981.12685,1208772.67020,3.173484,0.314764,184.485992
V995,2537093.42392,1188290.64633,0.385185,0.584793,22.542812
V996,2644396.65788,1146563.85742,3.745811,0.92803,217.741789
V997,2663701.64294,1195296.86420,3.443562,0.189055,200.114614
V998,2703509.67408,1214057.98969,3.317434,0.323227,192.842508
V999,2626478.81001,1220485.08006,0.255437,0.428057,15.029882
V1000,2610798.36176,1247244.24969,0.639477,0.336332,37.29426
V1001,2562959.18581,1142362.26877,1.306103,0.187102,75.865408
V1002,2619344.59212,1129636.19927,0.509726,0.664632,29.752995
V1003,2576222.29412,1113012.73095,2.617935,0.576484,152.213759
V1004,2599574.31151,1249068.33515,0.58097,0.439327,33.861827
V1005,2587949.87172,1118419.74240,0.454872,0.7539,26.537963
V1006,2702616.92741,1261835.65251,0.928808,0.260373,54.170348
V1007,2564802.18192,1127341.66208,0.172042,0.61668,10.196824
V1008,2651573.90378,1197152.74420,3.069457,0.381167,178.414076
V1009,2715316.87297,1178130.26948,3.766281,0.3559,219.046089
V1010,2585461.15579,1100248.83137,2.499237,0.750572,145.299708
V1011,2719338.81605,1159395.84636,3.734395,0.576154,217.097463
V1012,2604378.34318,1161364.73964,2.14287,0.326664,124.540818
V1013,2592361.04491,1202666.15975,0.420846,0.331916,24.626243
V1014,2626813.64401,1172208.90014,1.351116,0.334036,78.546651
V1015,2695116.14123,1167580.50473,3.369884,0.580564,195.905184
V1016,2691361.03894,1127855.06362,4.572011,0.327696,265.857076
V1017,2651779.61321,1210690.90593,1.652726,0.098028,95.762035
V1018,2654357.74377,1221706.28193,0.826148,0.238366,48.212224
V1019,2694337.65778,1188527.19180,3.919533,0.420948,227.854779
V1020,2550455.55272,1155432.12504,0.261581,0.490464,15.374506
V1021,2645581.24006,1118160.06606,3.653717,0.200356,212.430525
V1022,2489561.49440,1125246.70739,0.329679,0.657036,19.256625
V1023,2580882.12441,1175404.02640,0.207995,0.292377,12.325839
V1024,2564154.73302,1110144.94714,3.038948,0.648113,176.638306
V1025,2716698.99917,1112343.32576,4.858846,0.315789,282.491522
V1026,2679862.37506,1278890.31141,0.71233,0.605659,41.448688
V1027,2715482.59204,1252880.50204,1.180666,0.153334,68.432582
V1028,2777369.54983,1187704.02200,2.944812,0.777146,171.181792
V1029,2788722.19359,1193229.00818,3.01622,0.493549,175.34171
V1030,2665429.40021,1206779.57388,2.965667,0.209695,172.121613
V1031,2558380.70709,1137401.32584,0.141139,0.636209,8.398356
V1032,2579165.46527,1230927.35341,0.374766,0.541587,21.917839
V1033,2635117.82266,1122816.08639,2.038592,0.509719,118.516452
V1034,2534819.38427,1160024.36314,0.355325,0.613628,20.75851
V1035,2637474.11653,1189925.88484,1.858893,0.079359,107.657588
V1036,2737178.16142,1178429.05945,3.927331,0.218766,228.503554
V1037,2604320.39366,1127368.05614,0.587672,0.677433,34.191514
V1038,2639484.23792,1171338.63669,2.18898,0.436517,127.19638
V1039,2577911.87566,1146388.20257,1.051619,0.234938,61.224158
V1040,2599193.04641,1130881.87421,2.571488,0.748967,149.489137
V1041,2728151.40535,1206545.06083,3.795515,0.35102,220.6956
V1042,2535531.26096,1202371.69972,0.675261,0.558629,39.338618
V1043,2610144.10710,1121194.59664,2.147572,0.700422,124.857139
V1044,2757936.82516,1142195.59993,3.565547,0.676038,207.290843
V1045,2712255.90702,1215032.26530,3.432077,0.546087,199.53788
V1046,2566491.64976,1097234.07241,3.296331,0.692363,191.645782
V1047,2753906.05058,1189416.52608,3.192647,0.196601,185.703491
V1048,2667938.42451,1153330.68970,2.611923,0.324213,151.873277
V1049,2571471.58191,1189296.52832,0.151356,0.46455,8.960287
V1050,2559798.86580,1192577.10299,0.336441,0.598668,19.664797
V1051,2618329.73430,1229457.18744,0.299872,0.556114,17.546373
V1052,2833936.82047,1197112.09627,3.104557,0.581612,180.50249
V1053,2659174.44838,1156916.75829,3.532819,0.857936,205.355098
V1054,2602538.63888,1263978.01085,0.980144,0.330371,57.070646
V1055,2711456.50797,1238393.19885,4.21823,0.200927,245.156628
V1056,2558112.28412,1097086.33262,3.084317,0.528439,179.278689
V1057,2694835.60857,1220458.54605,3.092578,0.287106,179.830281
V1058,2759482.47221,1205040.33560,0.593594,0.145887,34.37162
V1059,2717094.52178,1199237.76381,3.654278,0.474339,212.394962
V1060,2523255.74218,1156044.38047,0.288036,0.62915,16.876548
V1061,2811008.93246,1180276.41753,3.157729,0.766442,183.567599
V1062,2537797.35299,1183340.44322,0.452968,0.609486,26.457794
V1063,2622534.38657,1149275.66775,3.410117,0.796762,198.22964
V1064,2649883.79698,1228168.28950,0.500946,0.355827,29.253202
V1065,2563644.81180,1168051.67251,0.449256,0.40285,26.27856
V1066,2643319.97240,1239225.46082,0.301321,0.558818,17.607512
V1067,2762176.62668,1142585.95369,3.449866,0.708455,200.558465
V1068,2586162.30135,1198091.17931,0.324001,0.400245,18.978556
V1069,2687094.50100,1275118.39033,0.774182,0.488244,45.068508
V1070,2662343.53734,1254921.42935,0.430015,0.454504,25.075229
V1071,2750313.70223,1238464.57456,3.463954,0.539944,201.367691
V1072,2644886.38813,1171791.02085,2.614554,0.801936,151.98735
V1073,2649276.94777,1259889.29864,0.322086,0.604232,18.789255
V1074,2705914.07999,1194838.54639,3.317565,0.658947,192.852565
V1075,2709745.62913,1234682.33304,4.054196,0.182476,235.550501
V1076,2556961.85971,1148854.06692,0.196637,0.425754,11.563873
V1077,2614318.71445,1216987.86747,0.456205,0.43056,26.682321
V1078,2644839.62354,1223125.40601,0.359267,0.351798,21.061642
V1079,2592502.96698,1136126.56913,2.8111,0.783167,163.407899
V1080,2656975.31298,1229019.25034,0.646883,0.308213,37.74203
V1081,2697284.01623,1244665.56346,4.399872,0.046301,256.088954
V1082,2655549.79458,1262171.15203,0.400186,0.655429,23.340134
V1083,2490008.40424,1108025.48000,0.361981,0.6875,21.130394
V1084,2505107.39541,1149277.48641,0.627021,0.640689,36.533706
V1085,2785904.66493,1190158.49618,2.847256,0.75511,165.513028
V1086,2664912.79163,1185657.01595,3.072196,0.554078,178.618138
V1087,2770515.63255,1196962.79342,2.941013,0.645938,170.977532
V1088,2590034.67850,1123976.15797,1.136459,0.357894,66.063146
V1089,2511505.33147,1165796.10170,0.560259,0.594485,32.694418
V1090,2672800.23248,1267773.59283,0.717368,0.529175,41.752968
V1091,2613486.34230,1175706.23776,0.426134,0.032243,25.7794
V1092,2666749.44250,1236648.29225,0.779498,0.261242,45.49917
V1093,2682644.22786,1219338.79820,3.444758,0.348212,200.146005
V1094,2668687.53061,1254856.47488,0.615568,0.37698,35.886701
V1095,2524936.42158,1185813.33006,0.747506,0.655792,43.500111
V1096,2596857.32905,1205425.64191,0.326778,0.415798,19.180247
V1097,2530979.83365,1165250.55111,0.347721,0.648942,20.310663
V1098,2740153.42437,1191425.54672,3.494507,0.64982,203.137321
V1099,2658887.85899,1200727.12913,3.103368,0.418439,180.38561
V1100,2700932.43079,1249009.79165,0.247084,0.12418,14.571937
V1101,2596203.91997,1165667.49498,1.089515,0.154411,63.518911
V1102,2610157.97871,1178417.69447,0.417954,0.274853,24.548683
V1103,2614549.81004,1228944.14935,0.113941,0.612854,6.827599
V1104,2573699.13527,1157494.08738,0.576595,0.204358,33.797178
V1105,2571265.61624,1179515.61750,0.248807,0.401005,14.609351
V1106,2753822.83323,1166269.29439,3.635672,0.491577,211.394768
V1107,2668152.62440,1221863.82755,3.17814,0.17878,184.467741
V1108,2728525.02222,1267267.03967,0.610697,0.093162,35.587287
V1109,2707672.33658,1212284.35977,3.327884,0.577736,193.473366
V1110,2682473.06809,1162535.49727,3.518281,0.322117,204.559162
V1111,2658757.22871,1237270.84917,0.519226,0.345135,30.322744
V1112,2739167.44686,1227560.23654,3.24449,0.393575,188.607158
V1113,2562538.90464,1152909.05430,0.896337,0.282404,52.164626
V1114,2701044.93669,1217125.32846,3.186713,0.407502,185.304459
V1115,2602300.46896,1150766.18492,2.630873,0.502378,152.987319
V1116,2700785.36960,1197975.90442,3.250313,0.657412,188.957974
V1117,2742633.96482,1232063.69491,3.417274,0.577708,198.648995
V1118,2580250.00851,1095615.14328,2.254887,0.772933,131.092797
V1119,2712067.88966,1132654.69569,4.309216,0.496482,250.548971
V1120,2640585.03016,1231899.03277,0.419713,0.552548,24.483164
V1121,2564575.37635,1133370.87180,0.976209,0.310889,56.777115
V1122,2760785.52677,1199951.63464,1.115712,0.109875,64.658007
V1123,2648270.17200,1236055.56317,0.302645,0.558847,17.684348
V1124,2697537.85380,1192930.17459,3.633247,0.392527,211.255108
V1125,2819362.86403,1162815.05883,3.256985,0.830421,189.334558
V1126,2552586.68122,1162673.33064,0.19242,0.508725,11.302864
V1127,2793131.47446,1180061.91652,2.923788,0.868989,169.962246
V1128,2778863.18260,1178321.62561,2.97604,0.67669,173.014041
V1129,2529199.63411,1184797.17920,0.448003,0.668674,26.143165
V1130,2657596.29760,1236504.25017,0.296609,0.416111,17.369276
V1131,2643858.70625,1194696.89743,2.631527,0.118462,152.529244
V1132,2722426.26256,1226687.22783,3.942635,0.430625,229.148564
V1133,2753544.09812,1144686.92029,3.86458,0.640026,224.679995
V1134,2587985.35689,1092812.81105,3.777136,0.869905,219.570398
V1135,2713177.56516,1113689.64543,4.38146,0.379021,254.738046
V1136,2589043.18069,1231825.86061,0.383899,0.504984,22.426626
V1137,2597142.85669,1213888.66817,0.269409,0.545753,15.838264
V1138,2700414.73267,1114853.16105,4.799957,0.469168,278.99637
V1139,2680182.38208,1272740.36636,0.671632,0.572391,39.090625
V1140,2552370.04660,1176927.31853,0.151634,0.508618,8.934974
V1141,2597075.07228,1087949.65415,3.804429,0.89467,221.151415
V1142,2647778.90934,1166746.54822,2.742289,0.634301,159.429845
V1143,2786544.99632,1197851.58229,2.863909,0.7399,166.490605
V1144,2562316.81000,1149704.80561,1.778009,0.201197,103.321893
V1145,2586416.81977,1160804.71664,2.604632,0.437861,151.370707
V1146,2688319.21159,1171084.75845,3.22631,0.362806,187.625621
V1147,2768194.18500,1210995.84299,3.108116,0.604036,180.700918
V1148,2571975.71688,1127754.94212,1.579724,0.408296,91.832212
V1149,2595749.46608,1241106.07327,0.521098,0.502101,30.3955
V1150,2754932.13170,1219527.94795,4.953427,0.185921,287.921159
V1151,2727253.39192,1187746.62789,3.442563,0.613801,200.132804
V1152,2555429.29663,1218772.38058,0.582744,0.54025,33.961661
V1153,2624904.61005,1240407.33601,0.341321,0.51906,19.909256
V1154,2613221.38531,1180496.92872,0.6356,0.258569,37.013337
V1155,2685553.55064,1223553.65836,3.691519,0.254431,214.555716
V1156,2624099.71256,1255015.96388,0.659237,0.351163,38.408902
V1157,2743425.71441,1257191.15890,3.661894,0.170171,212.633745
V1158,2624078.30177,1158875.39947,2.651326,0.747751,154.128547
V1159,2636628.53471,1145761.59251,3.792812,0.912814,220.480374
V1160,2619711.76044,1218356.05112,0.275893,0.421352,16.218858
V1161,2614832.35129,1110519.98342,2.679426,0.773666,155.744711
V1162,2618648.01050,1225617.38657,0.227709,0.529023,13.423684
V1163,2634538.31783,1233988.79447,0.34422,0.597509,20.092021
V1164,2689642.80671,1166079.38084,3.623126,0.301374,210.691439
V1165,2512317.29410,1119528.32521,0.214954,0.488834,12.587748
V1166,2615419.03444,1135879.41385,2.794018,0.546833,162.398498
V1167,2659034.84634,1146033.61394,2.832706,0.463239,164.709264
V1168,2715825.63264,1081363.39378,5.77402,0.161515,335.445016
V1169,2536821.27808,1179321.87959,0.259377,0.548648,15.256103
V1170,2495892.75355,1142903.85476,1.426896,0.557711,82.934417
